title,psalm_subtitle,psalm_id,psalm_step,psalm_tags,psalm_capo,psalm_audio,psalm_html,psalm_text
"A LA VÍCTIMA PASCUAL","Secuencia de Pascua","21","pre","","5","https://aleyoscar.com/audio/es-es/a-la-victima-pascual.mp3","<div class='column'><div class='section psalmista es-es'><p class='line'><span class='chord'>La-</span>A la víctima pascu<span class='chord'>La7</span>al</p><p class='line'>ofrecemos hoy</p><p class='line'>el sacrificio de al<span class='chord'>Re-9</span>abanza.</p><p class='line'><span class='chord'>Fa7aum</span>El cordero ha redimido el reb<span class='chord'>Mi</span>año,</p><p class='line'><span class='chord'>Fa7aum</span>el inocente <span class='chord'>Fa</span>ha reconciliado</p><p class='line'>los pecadores al P<span class='chord'>Mi</span>adre.</p><p class='line'><span class='chord'>La7</span>Muerte y vida se han enfrentado</p><p class='line'>en un prodigioso <span class='chord'>Re-9</span>duelo</p><p class='line'><span class='chord'>Fa7</span>el autor de la Vida estaba mu<span class='chord'>Mi</span>erto,</p><p class='line'>mas a<span class='chord'>Fa7</span>hora está vivo y tr<span class='chord'>Mi</span>iunfa.</p><p class='line'><span class='chord'>La7</span>Dinos tú, María:</p><p class='line'>¿qué has visto en el camino?</p><p class='line'><span class='chord'>Fa7</span>«La tumba de Cristo va<span class='chord'>Mi</span>cía,</p><p class='line'><span class='chord'>Fa7</span>la Gloria del Señor y vivo C<span class='chord'>Mi</span>risto,</p><p class='line'><span class='chord'>Fa</span>los ángeles, las vendas y el sud<span class='chord'>Mi</span>ario.»</p></div></div><div class='column'><div class='section comitium es-es'><p class='line'>PORQUE CR<span class='chord'>Fa</span>ISTO, MI ESPERANZA,</p><p class='line'>¡HA RESUCI<span class='chord'>Mi</span>TADO!</p><p class='line'><span class='chord'>Fa</span>Y NOS PRECEDE EN GALIL<span class='chord'>Mi</span>EA,</p><p class='line'><span class='chord'>Fa</span>Y NOS PRECEDE EN GALIL<span class='chord'>Mi</span>EA.</p><p class='line'><span class='chord'>Re-</span>SÍ QUE ES C<span class='chord'>Mi</span>IERTO,</p><p class='line'><span class='chord'>Fa</span>CRISTO HA RESUCIT<span class='chord'>Mi</span>ADO.</p><p class='line'><span class='chord'>Re-</span>SÍ QUE ES C<span class='chord'>Mi</span>IERTO,</p><p class='line'><span class='chord'>Fa</span>CRISTO HA RESUCIT<span class='chord'>Mi</span>ADO.</p><p class='line'><span class='chord'>Fa</span>Y NOS PRECEDE EN GALIL<span class='chord'>Mi</span>EA,</p><p class='line'><span class='chord'>Fa</span>Y NOS PRECEDE EN GALIL<span class='chord'>Mi</span>EA.</p></div><div class='section psalmista es-es'><p class='line'><span class='chord'>Fa</span>Tú, Rey victorioso, danos tú la salvac<span class='chord'>Mi</span>ión.</p></div></div>","han hoy a danos estaba y vivo triunfa pascual muerte maria galilea precede sacrificio autor redimido de ha visto vacia has victima gloria reconciliado que nos salvacion padre pecadores dinos tu un vida al camino las porque en sudario cristo cordero prodigioso inocente muerto alabanza mas rebano mi esta es cierto secuencia se la esperanza los tumba angeles victorioso rey resucitado si ahora enfrentado del vendas ofrecemos el senor pascua duelo"
"A NADIE DEMOS OCASIÓN DE TROPIEZO","2o Corintios 6,3ss","22","pre","","0","https://aleyoscar.com/audio/es-es/a-nadie-demos-ocasion-de-tropiezo.mp3","<div class='column'><div class='section psalmista es-es'><p class='line'><span class='chord'>La-</span>Hermanos, a nadie demos ocasión de tro<span class='chord'>Re-</span>piezo,</p><p class='line'>herm<span class='chord'>Mi</span>anos, vivamos aceptando las tribulacion<span class='chord'>La-</span>es,</p><p class='line'><span class='chord'>Re-</span>necesidades, angustias y fa<span class='chord'>Mi</span>tigas;</p><p class='line'><span class='chord'>Re-</span>viviendo en pureza, paciencia y bon<span class='chord'>Mi</span>dad;</p><p class='line'>en el Espíritu <span class='chord'>Fa</span>Santo, y en el poder de D<span class='chord'>Mi</span>ios;</p><p class='line'>con las armas de la jus<span class='chord'>Fa</span>ticia:</p><p class='line'>las de la derecha y las de la izq<span class='chord'>Mi</span>uierda.</p></div><div class='section comitium es-es'><p class='line'><span class='chord'>La-</span>HERMANOS, A NADIE DEMOS</p><p class='line'>OCASIÓN DE TROP<span class='chord'>Re-</span>IEZO,</p><p class='line'>HERM<span class='chord'>Mi</span>ANOS, VIVAMOS ACEPTANDO</p><p class='line'>LAS TRIBULAC<span class='chord'>La-</span>IONES,</p><p class='line'><span class='chord'>Re-</span>NECESIDADES, ANGUSTIAS Y FA<span class='chord'>Mi</span>TIGAS.</p></div><div class='section psalmista es-es'><p class='line'><span class='chord'>Re-</span>En calumnias y en buena <span class='chord'>Mi</span>fama,</p><p class='line'><span class='chord'>Re-</span>en gloria e ignom<span class='chord'>Mi</span>inia; como po<span class='chord'>Re-</span>bres,</p><p class='line'>aunque enriqueciendo a m<span class='chord'>Mi</span>uchos;</p><p class='line'>como quienes nada <span class='chord'>Fa</span>tienen,</p><p class='line'>aunque lo poseemos <span class='chord'>Mi</span>todo.</p></div><div class='section comitium es-es'><p class='line'><span class='chord'>La-</span>HERMANOS, A NADIE DEMOS ...</p></div></div><div class='column'><div class='section psalmista es-es'><p class='line'><span class='chord'>La7</span>¡Hermanos!, os hemos hablado con fran<span class='chord'>Re-</span>queza;</p><p class='line'>os hemos hablado con la ver<span class='chord'>Mi</span>dad.</p><p class='line'><span class='chord'>Re-</span>¡No unciros al yugo desigual con los pa<span class='chord'>Mi</span>ganos!</p><p class='line'><span class='chord'>Re-</span>¿Qué participación hay entre el fiel y el in<span class='chord'>Mi</span>fiel?</p><p class='line'>¿Qué unión entre el santuario de D<span class='chord'>Fa</span>ios</p><p class='line'>y el santuario de los <span class='chord'>Mi</span>ídolos?</p><p class='line'><span class='chord'>Re-</span>Porque somos el santuario de D<span class='chord'>Mi</span>ios.</p></div><div class='section comitium es-es'><p class='line'><span class='chord'>La-</span>HERMANOS, A NADIE DEMOS ...</p></div><div class='section psalmista es-es'><p class='line'><span class='chord'>La7</span>Tengo plena confianza en el hab<span class='chord'>Re-</span>laros;</p><p class='line'>porque estoy orgulloso de vo<span class='chord'>Mi</span>sotros.</p><p class='line'><span class='chord'>Re-</span>¡No unciros al yugo desigual con los pa<span class='chord'>Mi</span>ganos!</p><p class='line'><span class='chord'>Re-</span>¿Qué participación hay entre el fiel y el in<span class='chord'>Mi</span>fiel?</p><p class='line'>¿Qué unión entre el santuario de D<span class='chord'>Fa</span>ios</p><p class='line'>y el santuario de los <span class='chord'>Mi</span>ídolos?</p></div><div class='section comitium es-es'><p class='line'><span class='chord'>La-</span>HERMANOS, A NADIE DEMOS ...</p></div><div class='section psalmista es-es'><p class='line'><span class='chord'>Re-</span>En pureza, paciencia y bond<span class='chord'>Mi</span>ad;</p><p class='line'>en el Espíritu <span class='chord'>Fa</span>Santo, y en el poder de D<span class='chord'>Mi</span>ios.</p></div></div>","pureza y hablado verdad calumnias que hay derecha con demos hermanos plena los entre necesidades espiritu desigual os tengo poder unciros santo fama aceptando confianza paciencia buena armas muchos dios vivamos participacion porque 2o ignominia corintios la quienes 63ss yugo nada aunque bondad fatigas idolos justicia orgulloso tropiezo tribulaciones viviendo las al pobres fiel ocasion franqueza estoy todo somos el e a hemos lo no de gloria santuario como en nadie paganos angustias infiel tienen vosotros union poseemos hablaros enriqueciendo izquierda"
"A TI, SEÑOR, EN MI CLAMOR IMPLORO","Salmo 142 (141)","24","pre","","2","https://aleyoscar.com/audio/es-es/a-ti-senor-en-mi-clamor-imploro.mp3","<div class='column'><div class='section comitium es-es'><p class='line'><span class='chord'>La-</span>A TI, SEÑOR, EN MI CLAMOR IMPL<span class='chord'>Re-</span>ORO.</p><p class='line'>A TI, SEÑOR, EN MI CLAMOR SUPL<span class='chord'>La-</span>ICO.</p><p class='line'><span class='chord'>Mi7</span>A TI DERRAMO MI LAMENTO,</p><p class='line'><span class='chord'>Fa</span>A TI MI ANGUSTIA EXPONGO.</p></div><div class='section psalmista es-es'><p class='line'><span class='chord'>Re-</span>Siento que el espíritu en mí se apaga;</p><p class='line'>mas tú conoces mi send<span class='chord'>Mi7</span>ero.</p><p class='line'><span class='chord'>La-</span>Mira, Señor, que en el ca<span class='chord'>Re-</span>mino,</p><p class='line'>mira, Señor, que me han tendido un <span class='chord'>La-</span>lazo.</p><p class='line'><span class='chord'>Mi</span>Mira, Señor, que a la derecha no hay nin<span class='chord'>Mi7</span>guno,</p><p class='line'>nin<span class='chord'>Fa</span>guno que me con<span class='chord'>Mi</span>ozca.</p><p class='line'><span class='chord'>Re-</span>Huye de mí todo consuelo,</p><p class='line'>que no hay <span class='chord'>Fa</span>nadie que se cuide de mi <span class='chord'>Mi7</span>alma.</p></div><div class='section comitium es-es'><p class='line'><span class='chord'>Fa</span>A TI, YO CLAMO S<span class='chord'>Sol</span>EÑOR;</p><p class='line'>A TI, YO DIGO: ¡TÚ SOLO ERES MI RE<span class='chord'>Mi7</span>FUGIO,</p><p class='line'><span class='chord'>Fa</span>TÚ ERES MI PORCIÓN EN ESTA TIERRA,</p><p class='line'>MI ÚNICA FELICI<span class='chord'>Mi</span>DAD!</p></div></div><div class='column'><div class='section psalmista es-es'><p class='line'><span class='chord'>Re-</span>Escúchame, Señor, que estoy ll<span class='chord'>Mi</span>orando,</p><p class='line'><span class='chord'>Fa</span>estoy tan deprim<span class='chord'>Mi</span>ido.</p><p class='line'><span class='chord'>Fa</span>¡Líbrame de estos enemigos</p><p class='line'><span class='chord'>Sol</span>que son más fuertes que <span class='chord'>Mi</span>yo!</p><p class='line'><span class='chord'>Fa</span>¡Saca mi alma de esta cárcel,</p><p class='line'><span class='chord'>Sol</span>y yo daré gracias a tu <span class='chord'>Mi</span>nombre!</p><p class='line'><span class='chord'>Re-</span>En torno a mí los santos harán corro,</p><p class='line'><span class='chord'>Fa</span>me felicitarán por tu favor hacia <span class='chord'>Mi</span>mí.</p></div><div class='section comitium es-es'><p class='line'><span class='chord'>La-</span>A Tl, SEÑOR, EN MI CLAMOR ...</p><p class='line'><span class='chord'>Fa</span>A TI, YO CLAMO SEÑ<span class='chord'>Sol</span>OR ...</p></div></div>","y felicidad librame mira que refugio hay 141 tu eres porcion derecha carcel clamor mi imploro enemigos los huye espiritu santos derramo tierra han favor lamento saca gracias conozca unica un fuertes mas corro la salmo lazo por ti alma digo cuide me estos deprimido apaga tendido camino haran son se suplico clamo estoy nombre tl todo dare escuchame el senor solo sendero a siento yo no felicitaran de consuelo en nadie torno tan angustia esta ninguno hacia conoces expongo 142 llorando"
"A TI, SEÑOR, LEVANTO MI ALMA","Salmo 25 (24)","5","pre","","3","https://aleyoscar.com/audio/es-es/a-ti-senor-levanto-mi-alma.mp3","<div class='column'><div class='section comitium es-es'><p class='line'><span class='chord'>La-</span>A TI, SEÑOR, LEVANTO MI <span class='chord'>Mi</span>ALMA,</p><p class='line'>A TI, <span class='chord'>Re-</span>OH D<span class='chord'>Fa</span>IOS M<span class='chord'>Mi</span>ÍO.</p></div><div class='section psalmista es-es'><p class='line'><span class='chord'>La-</span>En ti confío, Se<span class='chord'>Mi</span>ñor,</p><p class='line'>¡no triunfen sobre m<span class='chord'>Re-</span>í mi<span class='chord'>Fa</span>s enem<span class='chord'>Mi</span>igos!</p><p class='line'><span class='chord'>La-</span>Muéstrame, Señor, tu cam<span class='chord'>Mi</span>ino,</p><p class='line'>enséñame, Señor<span class='chord'>Re-</span>, tu<span class='chord'>Fa</span> send<span class='chord'>Mi</span>ero.</p></div><div class='section comitium es-es'><p class='line'><span class='chord'>La-</span>A TI, SEÑOR, LEVANTO MI <span class='chord'>Mi</span>ALMA ...</p></div><div class='section psalmista es-es'><p class='line'><span class='chord'>La-</span>Acuérdate, Señor, de tu ter<span class='chord'>Mi</span>nura,</p><p class='line'>de tu inmensa compasión, <span class='chord'>Re-</span>que <span class='chord'>Fa</span>son de s<span class='chord'>Mi</span>iempre.</p><p class='line'><span class='chord'>La-</span>De mis pecados, Señor, no te ac<span class='chord'>Mi</span>uerdes,</p><p class='line'>acuérdate, Señor, <span class='chord'>Re-</span>que <span class='chord'>Fa</span>eres miseric<span class='chord'>Mi</span>ordia.</p><p class='line'><span class='chord'>Fa</span>Rocíame, Señor, de tu miseric<span class='chord'>Mi</span>ordia</p><p class='line'>Sum<span class='chord'>Fa</span>érgeme, Señor, en tu miseric<span class='chord'>Mi</span>ordia.</p></div><div class='section comitium es-es'><p class='line'><span class='chord'>La-</span>A TI, SEÑOR, LEVANTO MI <span class='chord'>Mi</span>ALMA ...</p></div></div>","a confio oh rociame te sobre inmensa no acuerdate de mio que acuerdes dios mis 24 tu eres 25 sumergeme camino compasion ternura levanto en misericordia mi ti son enemigos triunfen salmo pecados muestrame siempre ensename senor alma sendero"
"A TI, SEÑOR, SE DEBE LA ALABANZA EN SIÓN","Salmo 65 (64)","26","pre","","3","https://aleyoscar.com/audio/es-es/a-ti-senor-se-debe-la-alabanza-en-sion.mp3","<div class='column'><div class='section psalmista es-es'><p class='line'><span class='chord'>Re-</span>A ti, Señor, se debe la alabanza, en S<span class='chord'>La7</span>ión.</p><p class='line'>A ti se te cumple el voto, en Jerusa<span class='chord'>Re-</span>lén.</p><p class='line'><span class='chord'>Sol-</span>A ti que escuchas la ora<span class='chord'>Re-</span>ción</p><p class='line'>viene todo mor<span class='chord'>La7</span>tal, viene todo mor<span class='chord'>Re-</span>tal.</p></div><div class='section comitium es-es'><p class='line'><span class='chord'>Sib7</span>A TI QUE ESCUCHAS LA ORAC<span class='chord'>La7</span>IÓN</p><p class='line'><span class='chord'>Sib7</span>VIENE TODO MORTAL,</p><p class='line'>VIENE TODO MORT<span class='chord'>La7</span>AL.</p></div><div class='section comitium es-es'><p class='line'><span class='chord'>Re-</span>Pesan sobre nosotros nuestros pe<span class='chord'>La7</span>cados,</p><p class='line'>mas tú perdonas nuestras cu<span class='chord'>Re-</span>lpas.</p><p class='line'>Dichoso el que tú eliges, el que tú <span class='chord'>La7</span>llamas,</p><p class='line'>vivirá en tus <span class='chord'>Re-</span>atrios.</p><p class='line'><span class='chord'>Sol-</span>A ti que escuchas la ora<span class='chord'>Re-</span>ción</p><p class='line'>viene todo mor<span class='chord'>La7</span>tal, viene todo mor<span class='chord'>Re-</span>tal.</p></div><div class='section comitium es-es'><p class='line'><span class='chord'>Sib7</span>A TI QUE ESCUCHAS LA ORAC<span class='chord'>La7</span>IÓN ...</p></div></div><div class='column'><div class='section psalmista es-es'><p class='line'><span class='chord'>Re-</span>¡Nos saciaremos de los bienes de tu <span class='chord'>La7</span>casa,</p><p class='line'>de la santidad de tu <span class='chord'>Re-</span>templo!</p><p class='line'>Con los prodigios de tu amor</p><p class='line'>tú nos <span class='chord'>La7</span>hablas,</p><p class='line'>con los portentos de tu justicia</p><p class='line'>nos re<span class='chord'>Re-</span>spondes.</p><p class='line'><span class='chord'>Sol-</span>A ti que escuchas la ora<span class='chord'>Re-</span>ción</p><p class='line'>viene todo mor<span class='chord'>La7</span>tal, viene todo mor<span class='chord'>Re-</span>tal.</p></div><div class='section comitium es-es'><p class='line'><span class='chord'>Sib7</span>A TI QUE ESCUCHAS LA ORAC<span class='chord'>La7</span>IÓN ...</p></div></div>","a vivira te sobre saciaremos jerusalen santidad justicia de escuchas llamas que nos voto hablas eliges respondes culpas tu cumple amor debe nuestras mortal con en casa mas alabanza ti bienes perdonas templo se oracion la los dichoso salmo nuestros pecados atrios pesan tus todo portentos 65 sion 64 nosotros viene el senor prodigios"
"A Tl LEVANTO MIS OJOS","Salmo 123 (122)","23","pre","","0","https://aleyoscar.com/audio/es-es/a-tl-levanto-mis-ojos.mp3","<div class='column'><div class='section comitium es-es'><p class='line'><span class='chord'>Re-</span>A TI LEVANTO MIS <span class='chord'>La7</span>OJOS,</p><p class='line'>A <span class='chord'>Sol-</span>TI QUE HABITAS EN EL C<span class='chord'>La7</span>IELO.</p></div><div class='section psalmista es-es'><p class='line'><span class='chord'>Re-</span>Como los ojos de los siervos están fijos en las manos de sus se<span class='chord'>La7</span>ñores.</p><p class='line'><span class='chord'>Sol-</span>Como los ojos de la esclava en las manos de su se<span class='chord'>La7</span>ñora,</p><p class='line'><span class='chord'>Si7</span>así nuestros ojos miran al Se<span class='chord'>La7</span>ñor,</p><p class='line'>esp<span class='chord'>Si7</span>erando que tenga piedad<span class='chord'>La7</span>, espera<span class='chord'>Si7</span>ndo <span class='chord'>La7</span>que tenga piedad.</p></div><div class='section comitium es-es'><p class='line'>Mujeres: <span class='chord'>Re-</span>¡PIEDAD DE NOSOTROS, SE<span class='chord'>La7</span>ÑOR!</p><p class='line'>Hombres: <span class='chord'>Sib7</span>¡PIEDAD DE NOSOTROS, SE<span class='chord'>La7</span>ÑOR!</p><p class='line'>Mujeres: <span class='chord'>Re-</span>¡QUE DEMASIADO SE HAN BURLADO DE NOS<span class='chord'>La7</span>OTROS,</p><p class='line'>Hombres: QUE NUESTRA<span class='chord'>Sib7</span> ALMA ESTÁ SACIADA DE DESPR<span class='chord'>La7</span>ECIOS!</p><p class='line'>Mujeres: <span class='chord'>Re-</span>¡DE LAS BURLAS DE LOS SATIS<span class='chord'>La7</span>FECHOS,</p><p class='line'>Hombres: DEL DESP<span class='chord'>Sib7</span>RECIO DE LOS SOBERBI<span class='chord'>La7</span>OS!</p><p class='line'>Mujeres: <span class='chord'>Re-</span>¡PIEDAD DE NOSOTROS, SE<span class='chord'>La7</span>ÑOR!</p><p class='line'>Hombres: <span class='chord'>Sib7</span>¡PIEDAD DE NOSOTROS, SE<span class='chord'>La7</span>ÑOR!</p></div><div class='section comitium es-es'><p class='line'><span class='chord'>Re-</span>A TI LEVANTO MIS <span class='chord'>La7</span>OJOS ...</p></div></div>","han a saciada esclava desprecio de burlas senora que hombres 122 123 mis piedad estan esperando burlado siervos tenga las como al nuestra desprecios levanto en senor mujeres satisfechos habitas soberbios fijos senores cielo demasiado esta ojos se la los salmo su nuestros asi tl del manos miran nosotros el ti sus alma"
"ABRAHAM","Teofanía de Mambré - Génesis 18,1-5","27","pre","","0","https://aleyoscar.com/audio/es-es/abraham.mp3","<div class='column'><div class='section psalmista es-es'><p class='line'><span class='chord'>La-</span>Hacía calor aquel día</p><p class='line'><span class='chord'>Re-</span>cuando Abra<span class='chord'>Mi</span>ham estaba sentado</p><p class='line'>delante de su t<span class='chord'>La-</span>ienda.</p><p class='line'>Hacía calor aquel día</p><p class='line'><span class='chord'>Re-</span>cuando Abr<span class='chord'>Mi</span>aham estaba sentado</p><p class='line'>cerca del encinar de Mamb<span class='chord'>La-</span>ré.</p><p class='line'>Alzando los<span class='chord'>Sol</span> ojos, mi<span class='chord'>Fa</span>ró,</p><p class='line'>y tres hombres de <span class='chord'>Mi</span>pie</p><p class='line'>estaban de<span class='chord'>La-</span>lante.</p><p class='line'>En cuanto los <span class='chord'>Mi</span>vio</p><p class='line'>se inclinó hasta el suelo y <span class='chord'>La-</span>dijo:</p><p class='line'>«Oh Señor <span class='chord'>Sol</span>mío,</p><p class='line'>no pases te r<span class='chord'>Fa</span>uego sin deten<span class='chord'>Mi</span>erte.»</p></div><div class='section comitium es-es'><p class='line'>SIN DETEN<span class='chord'>La-</span>ERTE, NO PASES TE R<span class='chord'>Sol</span>UEGO</p><p class='line'>SIN DETEN<span class='chord'>Fa</span>ERTE, SIN DETEN<span class='chord'>Mi</span>ERTE.</p></div></div><div class='column'><div class='section psalmista es-es'><p class='line'><span class='chord'>La-</span>«Os traeré un poco de <span class='chord'>Mi</span>agua,</p><p class='line'>os lavaré los pies</p><p class='line'>y reposaréis a la <span class='chord'>La-</span>sombra,</p><p class='line'>0s traeré un bo<span class='chord'>Mi</span>cado, os reconfortaréis</p><p class='line'>y luego seguiréis ade<span class='chord'>La-</span>lante.</p><p class='line'>No por casual<span class='chord'>Sol</span>idad</p><p class='line'>habéis pasado <span class='chord'>Fa</span>hoy delante de <span class='chord'>Mi</span>mí.»</p></div><div class='section comitium es-es'><p class='line'>«OH SEÑOR M<span class='chord'>La-</span>ÍO, NO PASES TE R<span class='chord'>Sol</span>UEGO</p><p class='line'>SIN DETEN<span class='chord'>Fa</span>ERTE, SIN DETEN<span class='chord'>Mi</span>ERTE</p><p class='line'>SIN DETEN<span class='chord'>La-</span>ERTE, NO PASES TE R<span class='chord'>Sol</span>UEGO</p><p class='line'>SIN DETEN<span class='chord'>Fa</span>ERTE, SIN DETEN<span class='chord'>Mi</span>ERTE.</p></div></div>","tienda hoy a detenerte pases oh estaba y sombra delante te teofania dijo agua lavare calor poco abraham no bocado reconfortareis estaban aquel de mio luego inclino pie alzando hombres casualidad reposareis genesis miro un 0s pies en seguireis tres pasado encinar vio dia mi suelo adelante hasta ojos se la los traere hacia habeis su del mambre cerca sin ruego cuando cuanto os sentado por el senor 1815"
"ACLAMAD AL SEÑOR","Salmo 100 (99)","28","pre","","0","https://aleyoscar.com/audio/es-es/aclamad-al-senor.mp3","<div class='column'><div class='section comitium es-es'><p class='line'><span class='chord'>Re-</span>¡ACLAMAD AL SEÑOR,</p><p class='line'><span class='chord'>Sol-</span>TODA LA T<span class='chord'>Re-</span>IERRA,</p><p class='line'>SERV<span class='chord'>Fa</span>ID AL SEÑ<span class='chord'>Sol</span>OR CON ALEGR<span class='chord'>La</span>ÍA!</p></div><div class='section psalmista es-es'><p class='line'>¡Acerc<span class='chord'>Re-</span>aos a <span class='chord'>La7</span>él</p><p class='line'>con gritos de júb<span class='chord'>Re-</span>ilo!</p></div><div class='section comitium es-es'><p class='line'>¡ACLAMAD AL SEÑOR ...</p></div><div class='section psalmista es-es'><p class='line'>Porque el Se<span class='chord'>Re-</span>ñor es nuestro D<span class='chord'>La7</span>ios,</p><p class='line'>y nosotros su pue<span class='chord'>Re-</span>blo.</p></div><div class='section comitium es-es'><p class='line'>¡ACLAMAD AL SEÑOR ...</p></div><div class='section psalmista es-es'><p class='line'>¡En<span class='chord'>Re-</span>trad por sus puer<span class='chord'>La7</span>tas</p><p class='line'>con himnos de aleg<span class='chord'>Re-</span>ría!</p></div><div class='section comitium es-es'><p class='line'>¡ACLAMAD AL SEÑOR ...</p></div><div class='section psalmista es-es'><p class='line'>¡Bend<span class='chord'>Re-</span>ecid su nom<span class='chord'>La7</span>bre,</p><p class='line'>dándole grac<span class='chord'>Re-</span>ias!</p></div><div class='section comitium es-es'><p class='line'>¡ACLAMAD AL SEÑOR ...</p></div><div class='section psalmista es-es'><p class='line'>Porque es bu<span class='chord'>Re-</span>eno el Se<span class='chord'>La7</span>ñor,</p><p class='line'>es eterno su amor con nosot<span class='chord'>Re-</span>ros.</p></div><div class='section comitium es-es'><p class='line'>¡ACLAMAD AL SEÑOR ...</p></div></div>","himnos a alegria entrad y dandole acercaos eterno gracias bendecid de puertas gritos aclamad dios amor al porque con bueno jubilo 100 servid toda es la pueblo nuestro salmo su 99 nombre por nosotros el senor sus tierra"
"AL DESPERTAR","Salmo 17 (16)","29","pre","","0","https://aleyoscar.com/audio/es-es/al-despertar.mp3","<div class='column'><div class='section comitium es-es'><p class='line'><span class='chord'>Si-</span>AL DESPERTAR</p><p class='line'><span class='chord'>Sol</span>ME SACIARÉ DE TU SEMBL<span class='chord'>Si-</span>ANTE, SEÑOR.</p><p class='line'>AL DESPER<span class='chord'>Mi-</span>TAR</p><p class='line'>ME SACIARÉ DE TU SEMBL<span class='chord'>Si-</span>ANTE, SEÑOR.</p></div><div class='section psalmista es-es'><p class='line'>Es<span class='chord'>Mi-</span>cucha, Señor, mi orac<span class='chord'>Si-</span>ión,</p><p class='line'>at<span class='chord'>Mi-</span>iende, Señor, a mi clam<span class='chord'>Si-</span>or,</p><p class='line'><span class='chord'>Sol</span>presta oídos a mi s<span class='chord'>Fa#</span>úplica,</p><p class='line'>que mis <span class='chord'>Sol</span>labios no traicionan, Se<span class='chord'>Fa#</span>ñor.</p><p class='line'><span class='chord'>Sol</span>Salga de ti la sent<span class='chord'>Fa#</span>encia,</p><p class='line'>porque tus <span class='chord'>Mi-</span>ojos ven, tus ojos ven mi recti<span class='chord'>Fa#</span>tud.</p></div><div class='section comitium es-es'><p class='line'>AL DESPER<span class='chord'>Si-</span>TAR ...</p></div><div class='section psalmista es-es'><p class='line'><span class='chord'>Mi-</span>Sondea, Señor, mi cora<span class='chord'>Si-</span>zón,</p><p class='line'>esc<span class='chord'>Mi-</span>rútalo de noche, Señ<span class='chord'>Si-</span>or;</p><p class='line'><span class='chord'>Sol</span>pruébame al crisol, pr<span class='chord'>Fa#</span>uébame al crisol</p><p class='line'><span class='chord'>Sol</span>porque tú sabes que no hay malicia en <span class='chord'>Fa#</span>mí;</p><p class='line'>que mi <span class='chord'>Sol</span>boca no miente como hacen los h<span class='chord'>Fa#</span>ombres.</p><p class='line'>Que he guar<span class='chord'>Mi-</span>dado tu Palabra,</p><p class='line'>que no he seguido los caminos del viol<span class='chord'>Fa#</span>ento,</p><p class='line'>que a tus h<span class='chord'>Sol</span>uellas he ajustado mis p<span class='chord'>Fa#</span>asos,</p><p class='line'>que <span class='chord'>Mi-</span>no vacilaré, que <span class='chord'>Fa#</span>no vacilaré.</p></div><div class='section comitium es-es'><p class='line'>AL DESPERT<span class='chord'>Si-</span>AR ...</p></div></div><div class='column'><div class='section psalmista es-es'><p class='line'><span class='chord'>Mi-</span>A ti yo te invoco, Se<span class='chord'>Si-</span>ñor;</p><p class='line'>con<span class='chord'>Mi-</span>cédeme, Señor, una resp<span class='chord'>Si-</span>uesta;</p><p class='line'><span class='chord'>Sol</span>muéstrame los prodigios de tu a<span class='chord'>Fa#</span>mor,</p><p class='line'>porque tú s<span class='chord'>Sol</span>alvas al que se apoya en <span class='chord'>Fa#</span>ti,</p><p class='line'>porque tú a<span class='chord'>Sol</span>yudas</p><p class='line'>al que se refugia a tu der<span class='chord'>Fa#</span>echa.</p><p class='line'><span class='chord'>Mi-</span>Como a la niña de tus ojos g<span class='chord'>Fa#</span>uárdame,</p><p class='line'><span class='chord'>Mi-</span>a la sombra de tus alas esc<span class='chord'>Fa#</span>óndeme,</p><p class='line'><span class='chord'>Sol</span>mira que quieren ma<span class='chord'>Fa#</span>tarme.</p></div><div class='section comitium es-es'><p class='line'>AL DESPERT<span class='chord'>Si-</span>AR ...</p></div><div class='section psalmista es-es'><p class='line'><span class='chord'>Mi-</span>Míralos, están cerrados en su or<span class='chord'>Si-</span>gullo,</p><p class='line'><span class='chord'>Mi-</span>hablan, la arrogancia está en su <span class='chord'>Si-</span>boca.</p><p class='line'><span class='chord'>Sol</span>Avanzan contra mí, av<span class='chord'>Fa#</span>anzan contra mí.</p><p class='line'><span class='chord'>Sol</span>¡Ayúdame tú, Señ<span class='chord'>Fa#</span>or,</p><p class='line'><span class='chord'>Sol</span>líbrame de los hombres de este m<span class='chord'>Fa#</span>undo,</p><p class='line'><span class='chord'>Mi-</span>de los hombres cuyo premio es esta v<span class='chord'>Fa#</span>ida!</p><p class='line'><span class='chord'>Sol</span>¡Cólmalos de tus bienes, Se<span class='chord'>Fa#</span>ñor,</p><p class='line'><span class='chord'>Sol</span>llénales el vientre y que sus hijos se <span class='chord'>Fa#</span>sacien!</p><p class='line'><span class='chord'>Mi-</span>Que yo al despertar, que yo por tu amor</p><p class='line'>me saci<span class='chord'>Sol</span>aré de tu rostro Se<span class='chord'>Fa#</span>ñor.</p></div><div class='section comitium es-es'><p class='line'>AL DESPER<span class='chord'>Si-</span>TAR ...</p></div></div>","premio y sombra te hacen librame mira guardame avanzan que hombres hay rostro tu sentencia crisol sondea derecha clamor mi huellas oracion los su salvas alas noche este colmalos quieren mundo malicia ajustado 16 amor vida una miente porque palabra ayudame la orgullo corazon salmo despertar muestrame del presta por hablan ti caminos sus prodigios vacilare arrogancia atiende traicionan sacien violento me ayudas suplica invoco mis matarme estan al labios cerrados ven seguido he nina ojos se 17 tus boca el senor escucha a refugia concedeme sabes yo escrutalo vientre no contra oidos escondeme de rectitud pruebame saciare hijos como en miralos es semblante bienes esta guardado pasos apoya salga respuesta llenales cuyo"
"ALABAD AL SEÑOR EN EL CIELO","Salmo 148","10","pre","","0","https://aleyoscar.com/audio/es-es/alabad-al-senor-en-el-cielo.mp3","<div class='column'><div class='section psalmista es-es'><p class='line'><span class='chord'>La</span>¡Alabad al Señor en el Cielo,</p></div><div class='section comitium es-es'><p class='line'>¡ALABADLO!</p></div><div class='section psalmista es-es'><p class='line'>alabad al Señor en lo <span class='chord'>Fa#-</span>alto,</p></div><div class='section comitium es-es'><p class='line'>¡ALABADLO!</p></div><div class='section psalmista es-es'><p class='line'><span class='chord'>La</span>alabadio, todos sus ángeles,</p></div><div class='section comitium es-es'><p class='line'>¡ALABADLO!</p></div><div class='section psalmista es-es'><p class='line'>alabadlo, todos sus <span class='chord'>Fa#-</span>ejércitos!</p></div><div class='section comitium es-es'><p class='line'>¡ALABADLO!</p></div><div class='section psalmista es-es'><p class='line'><span class='chord'>La</span>Alabadio, sol y luna,</p></div><div class='section comitium es-es'><p class='line'>¡ALABADLO!</p></div><div class='section psalmista es-es'><p class='line'>alabadio, estrellas l<span class='chord'>Fa#-</span>ucientes.</p></div><div class='section comitium es-es'><p class='line'>¡ALABADLO!</p></div><div class='section psalmista concretus es-es'><p class='line'>Alabadio, espacios celestes <strong>¡ALABADLO!</strong></p><p class='line'>y aguas que cuelgan en el cielo. <strong>¡ALABADLO!</strong></p><p class='line'>Alaben el nombre del Señor, <strong>¡ALABADLO!</strong></p><p class='line'>porque Él lo mandó, y existieron. <strong>¡ALABADLO!</strong></p><p class='line'>Les dio consistencia perpetua  <strong>¡ALABADLO!</strong></p><p class='line'>y una ley que no pasará.  <strong>¡ALABADLO!</strong></p><p class='line'>Alabad al Señor en la tierra,  <strong>¡ALABADLO!</strong></p><p class='line'>cetáceos y abismos del mar.  <strong>¡ALABADLO!</strong></p></div></div><div class='column'><div class='section psalmista concretus es-es'><p class='line'>Rayos, granizo, nieve y bruma, <strong>¡ALABADLO!</strong></p><p class='line'>viento huracanado que cumple sus órdenes. <strong>¡ALABADLO!</strong></p><p class='line'>Montes y todas las sierras, <strong>¡ALABADLO!</strong></p><p class='line'>árboles frutales y cedros. <strong>¡ALABADLO!</strong></p><p class='line'>Fieras y animales domésticos, <strong>¡ALABADLO!</strong></p><p class='line'>reptiles y pájaros que vuelan. <strong>¡ALABADLO!</strong></p><p class='line'>Reyes y pueblos del orbe, <strong>¡ALABADLO!</strong></p><p class='line'>príncipes y jefes del mundo. <strong>¡ALABADLO!</strong></p><p class='line'>Los jóvenes y también las doncellas, <strong>¡ALABADLO!</strong></p><p class='line'>los viejos a una con los niños. <strong>¡ALABADLO!</strong></p><p class='line'>Alaben el nombre del Señor, <strong>¡ALABADLO!</strong></p><p class='line'>el único nombre sublime. <strong>¡ALABADLO!</strong></p><p class='line'>Su majestad, sobre el cielo y la tierra, <strong>¡ALABADLO!</strong></p><p class='line'>Él da fuerza vigor a su pueblo. <strong>¡ALABADLO!</strong></p><p class='line'>Alabanza de todos sus fieles, <strong>¡ALABADLO!</strong></p><p class='line'>de Israel, su pueblo elegido. <strong>¡ALABADLO!</strong></p></div></div>","y consistencia sobre todos israel que sublime frutales nieve todas tambien fuerza elegido perpetua con huracanado fieras cielo reptiles vuelan los sierras reyes su alaben bruma existieron tierra aguas arboles doncellas jovenes cuelgan mundo alabadio vigor una porque alabad les espacios cedros alabanza alto ordenes 148 la pueblo salmo mar del fieles sus cetaceos alabadlo ley pasara viento dio cumple al las da pueblos principes pajaros granizo mando unico lucientes animales nombre montes rayos estrellas el senor orbe a lo domesticos celestes jefes no sol ninos de ejercitos luna en viejos abismos angeles majestad"